{
  "project_info": {
    "project_number": "73227192741",
    "firebase_url": "https://coralproject-1553575599613.firebaseio.com",
    "project_id": "coralproject-1553575599613",
    "storage_bucket": "coralproject-1553575599613.appspot.com"
  },
  "client": [
    {
      "client_info": {
        "mobilesdk_app_id": "1:73227192741:android:f43d4932679d082edbc04c",
        "android_client_info": {
          "package_name": "com.edu.slu.sensor"
        }
      },
      "oauth_client": [
        {
          "client_id": "73227192741-otpusodfgtkald73nn8aff7gg37kin77.apps.googleusercontent.com",
          "client_type": 3
        }
      ],
      "api_key": [
        {
          "current_key": "AIzaSyCW8NBeCKiB6fGxIBKAW3jwCRM_S9hdmeE"
        }
      ],
      "services": {
        "appinvite_service": {
          "other_platform_oauth_client": [
            {
              "client_id": "73227192741-hip3n384dd4i91ncdvl9of75b9i8hp3g.apps.googleusercontent.com",
              "client_type": 3
            }
          ]
        }
      }
    },
    {
      "client_info": {
        "mobilesdk_app_id": "1:73227192741:android:be55a7123096d193",
        "android_client_info": {
          "package_name": "com.example.test1"
        }
      },
      "oauth_client": [
        {
          "client_id": "73227192741-v69oht5j2kvug7vbmthvp5qs4gsc9pqn.apps.googleusercontent.com",
          "client_type": 1,
          "android_info": {
            "package_name": "com.example.test1",
            "certificate_hash": "dc3d37c4a3c970b97d7e6c6700c5cf37924a4749"
          }
        },
        {
          "client_id": "73227192741-otpusodfgtkald73nn8aff7gg37kin77.apps.googleusercontent.com",
          "client_type": 3
        }
      ],
      "api_key": [
        {
          "current_key": "AIzaSyCW8NBeCKiB6fGxIBKAW3jwCRM_S9hdmeE"
        }
      ],
      "services": {
        "appinvite_service": {
          "other_platform_oauth_client": [
            {
              "client_id": "73227192741-hip3n384dd4i91ncdvl9of75b9i8hp3g.apps.googleusercontent.com",
              "client_type": 3
            }
          ]
        }
      }
    },
    {
      "client_info": {
        "mobilesdk_app_id": "1:73227192741:android:44eab2f212d63e43",
        "android_client_info": {
          "package_name": "com.slu.polito.dontgothere"
        }
      },
      "oauth_client": [
        {
          "client_id": "73227192741-pj1pv7o373eaav882mkta1ij5spdih8u.apps.googleusercontent.com",
          "client_type": 1,
          "android_info": {
            "package_name": "com.slu.polito.dontgothere",
            "certificate_hash": "dc3d37c4a3c970b97d7e6c6700c5cf37924a4749"
          }
        },
        {
          "client_id": "73227192741-otpusodfgtkald73nn8aff7gg37kin77.apps.googleusercontent.com",
          "client_type": 3
        }
      ],
      "api_key": [
        {
          "current_key": "AIzaSyCW8NBeCKiB6fGxIBKAW3jwCRM_S9hdmeE"
        }
      ],
      "services": {
        "appinvite_service": {
          "other_platform_oauth_client": [
            {
              "client_id": "73227192741-hip3n384dd4i91ncdvl9of75b9i8hp3g.apps.googleusercontent.com",
              "client_type": 3
            }
          ]
        }
      }
    },
    {
      "client_info": {
        "mobilesdk_app_id": "1:73227192741:android:75bcdc595b10749b",
        "android_client_info": {
          "package_name": "com.slu.polito.sensortest"
        }
      },
      "oauth_client": [
        {
          "client_id": "73227192741-bt2201la4e0hvarc0u441cgfqi3idtgn.apps.googleusercontent.com",
          "client_type": 1,
          "android_info": {
            "package_name": "com.slu.polito.sensortest",
            "certificate_hash": "dc3d37c4a3c970b97d7e6c6700c5cf37924a4749"
          }
        },
        {
          "client_id": "73227192741-otpusodfgtkald73nn8aff7gg37kin77.apps.googleusercontent.com",
          "client_type": 3
        }
      ],
      "api_key": [
        {
          "current_key": "AIzaSyCW8NBeCKiB6fGxIBKAW3jwCRM_S9hdmeE"
        }
      ],
      "services": {
        "appinvite_service": {
          "other_platform_oauth_client": [
            {
              "client_id": "73227192741-hip3n384dd4i91ncdvl9of75b9i8hp3g.apps.googleusercontent.com",
              "client_type": 3
            }
          ]
        }
      }
    }
  ],
  "configuration_version": "1"
}